{
    "items": [
        {
            "id": "8iknhq",
            "createdDate": "2019-01-14T16:03:16+02:00"
        },
        {
            "id": "fhomcf",
            "createdDate": "2019-01-14T22:57:37+02:00"
        },
        {
            "id": "gn5cbe",
            "createdDate": "2019-01-14T22:04:53+02:00"
        },
        {
            "id": "mp1z9j",
            "createdDate": "2019-02-27T12:20:38+02:00"
        },
        {
            "id": "qtkn33",
            "createdDate": "2019-08-05T12:52:11+03:00"
        },
        {
            "id": "rr4ox1",
            "createdDate": "2019-01-14T22:53:16+02:00"
        }
    ]
}