{
    "DBInstances": [
        {
            "DBInstanceIdentifier": "bwppudb",
            "DBInstanceClass": "db.t3.small",
            "Engine": "postgres",
            "DBInstanceStatus": "available",
            "MasterUsername": "brainsway",
            "DBName": "bwppudb",
            "Endpoint": {
                "Address": "bwppudb.c0axqhuicdnc.us-east-2.rds.amazonaws.com",
                "Port": 5432,
                "HostedZoneId": "Z2XHWR1WZ565X2"
            },
            "AllocatedStorage": 20,
            "InstanceCreateTime": "2018-12-15T21:18:45.366000+00:00",
            "PreferredBackupWindow": "04:01-04:31",
            "BackupRetentionPeriod": 7,
            "DBSecurityGroups": [],
            "VpcSecurityGroups": [
                {
                    "VpcSecurityGroupId": "sg-0691bc38f9ee8840b",
                    "Status": "active"
                },
                {
                    "VpcSecurityGroupId": "sg-0339fec4c6ab464a3",
                    "Status": "active"
                },
                {
                    "VpcSecurityGroupId": "sg-0c0a0065",
                    "Status": "active"
                },
                {
                    "VpcSecurityGroupId": "sg-0900022cbfa9e2a96",
                    "Status": "active"
                }
            ],
            "DBParameterGroups": [
                {
                    "DBParameterGroupName": "default.postgres14-db-q6b5gshi3rvpvjazry3mxxigbq-upgrade",
                    "ParameterApplyStatus": "in-sync"
                }
            ],
            "AvailabilityZone": "us-east-2a",
            "DBSubnetGroup": {
                "DBSubnetGroupName": "default",
                "DBSubnetGroupDescription": "default",
                "VpcId": "vpc-d2a9d9bb",
                "SubnetGroupStatus": "Complete",
                "Subnets": [
                    {
                        "SubnetIdentifier": "subnet-47cb8d2e",
                        "SubnetAvailabilityZone": {
                            "Name": "us-east-2a"
                        },
                        "SubnetOutpost": {},
                        "SubnetStatus": "Active"
                    },
                    {
                        "SubnetIdentifier": "subnet-40895a0d",
                        "SubnetAvailabilityZone": {
                            "Name": "us-east-2c"
                        },
                        "SubnetOutpost": {},
                        "SubnetStatus": "Active"
                    },
                    {
                        "SubnetIdentifier": "subnet-fa22af81",
                        "SubnetAvailabilityZone": {
                            "Name": "us-east-2b"
                        },
                        "SubnetOutpost": {},
                        "SubnetStatus": "Active"
                    }
                ]
            },
            "PreferredMaintenanceWindow": "tue:08:25-tue:08:55",
            "PendingModifiedValues": {},
            "LatestRestorableTime": "2025-08-09T10:39:30+00:00",
            "MultiAZ": false,
            "EngineVersion": "14.17",
            "AutoMinorVersionUpgrade": true,
            "ReadReplicaDBInstanceIdentifiers": [],
            "LicenseModel": "postgresql-license",
            "OptionGroupMemberships": [
                {
                    "OptionGroupName": "default:postgres-14-db-q6b5gshi3rvpvjazry3mxxigbq-upgrade",
                    "Status": "in-sync"
                }
            ],
            "PubliclyAccessible": true,
            "StorageType": "gp2",
            "DbInstancePort": 0,
            "StorageEncrypted": false,
            "DbiResourceId": "db-Q6B5GSHI3RVPVJAZRY3MXXIGBQ",
            "CACertificateIdentifier": "rds-ca-rsa2048-g1",
            "DomainMemberships": [],
            "CopyTagsToSnapshot": true,
            "MonitoringInterval": 0,
            "DBInstanceArn": "arn:aws:rds:us-east-2:154948530138:db:bwppudb",
            "IAMDatabaseAuthenticationEnabled": true,
            "DatabaseInsightsMode": "standard",
            "PerformanceInsightsEnabled": false,
            "EnabledCloudwatchLogsExports": [
                "postgresql"
            ],
            "DeletionProtection": false,
            "AssociatedRoles": [],
            "TagList": [
                {
                    "Key": "workload-type",
                    "Value": "other"
                }
            ],
            "CustomerOwnedIpEnabled": false,
            "ActivityStreamStatus": "stopped",
            "BackupTarget": "region",
            "NetworkType": "IPV4",
            "CertificateDetails": {
                "CAIdentifier": "rds-ca-rsa2048-g1",
                "ValidTill": "2026-06-24T08:25:13+00:00"
            },
            "DedicatedLogVolume": false,
            "IsStorageConfigUpgradeAvailable": false,
            "EngineLifecycleSupport": "open-source-rds-extended-support"
        }
    ]
}