{
    "FunctionName": "presignedUrlForS3Upload",
    "FunctionArn": "arn:aws:lambda:us-east-2:154948530138:function:presignedUrlForS3Upload",
    "Runtime": "python3.6",
    "Role": "arn:aws:iam::154948530138:role/lambda_s3_execution",
    "Handler": "lambda_function.lambda_handler",
    "CodeSize": 777,
    "Description": "",
    "Timeout": 10,
    "MemorySize": 128,
    "LastModified": "2025-05-14T05:15:00.000+0000",
    "CodeSha256": "hAfTVAzcVhWagfRqaaXuv4PSy4k4gRfN0zBWfKphwzc=",
    "Version": "$LATEST",
    "TracingConfig": {
        "Mode": "PassThrough"
    },
    "RevisionId": "f209df1c-49ec-4048-a3e0-c4844664bff1",
    "State": "Active",
    "LastUpdateStatus": "Successful",
    "PackageType": "Zip",
    "Architectures": [
        "x86_64"
    ],
    "EphemeralStorage": {
        "Size": 512
    },
    "SnapStart": {
        "ApplyOn": "None",
        "OptimizationStatus": "Off"
    },
    "LoggingConfig": {
        "LogFormat": "Text",
        "LogGroup": "/aws/lambda/presignedUrlForS3Upload"
    }
}