{
    "FunctionName": "sync_clock",
    "FunctionArn": "arn:aws:lambda:us-east-2:154948530138:function:sync_clock",
    "Runtime": "python3.12",
    "Role": "arn:aws:iam::154948530138:role/lambda-vpc-role",
    "Handler": "lambda_function.lambda_handler",
    "CodeSize": 327,
    "Description": "",
    "Timeout": 3,
    "MemorySize": 128,
    "LastModified": "2024-06-09T09:25:52.057+0000",
    "CodeSha256": "4LDPMr688D+ofMpHHHpQP6KHltyWR7HjZ/gxYQGzBAQ=",
    "Version": "$LATEST",
    "TracingConfig": {
        "Mode": "PassThrough"
    },
    "RevisionId": "4105851d-1164-4322-9d6f-ccbf9e2e8c57",
    "State": "Active",
    "LastUpdateStatus": "Successful",
    "PackageType": "Zip",
    "Architectures": [
        "x86_64"
    ],
    "EphemeralStorage": {
        "Size": 512
    },
    "SnapStart": {
        "ApplyOn": "None",
        "OptimizationStatus": "Off"
    },
    "RuntimeVersionConfig": {
        "RuntimeVersionArn": "arn:aws:lambda:us-east-2::runtime:aa140c0e9a9c41d993cb36eaf76013968a27ec935d7665a4368d6b0ba10a0f7e"
    },
    "LoggingConfig": {
        "LogFormat": "Text",
        "LogGroup": "/aws/lambda/sync_clock"
    }
}