{
    "items": [
        {
            "id": "0wk65x",
            "createdDate": "2025-03-11T10:56:23+02:00"
        },
        {
            "id": "sd1xxg",
            "createdDate": "2020-11-24T12:17:33+02:00"
        },
        {
            "id": "vttb0r",
            "description": "Prod on v1.8",
            "createdDate": "2020-10-27T20:50:43+02:00"
        },
        {
            "id": "yttxrl",
            "createdDate": "2025-03-11T11:01:06+02:00"
        },
        {
            "id": "zp5cuy",
            "createdDate": "2020-11-24T12:13:45+02:00"
        }
    ]
}