{
    "item": [
        {
            "deploymentId": "yttxrl",
            "stageName": "Prod",
            "description": "Prod on v1.8",
            "cacheClusterEnabled": false,
            "cacheClusterStatus": "NOT_AVAILABLE",
            "methodSettings": {
                "*/*": {
                    "metricsEnabled": true,
                    "loggingLevel": "INFO",
                    "dataTraceEnabled": true,
                    "throttlingBurstLimit": 5000,
                    "throttlingRateLimit": 10000.0,
                    "cachingEnabled": false,
                    "cacheTtlInSeconds": 300,
                    "cacheDataEncrypted": false,
                    "requireAuthorizationForCacheControl": true,
                    "unauthorizedCacheControlHeaderStrategy": "SUCCEED_WITH_RESPONSE_HEADER"
                }
            },
            "accessLogSettings": {
                "format": "{ \"requestId\":\"$context.requestId\", \"extendedRequestId\":\"$context.extendedRequestId\",\"ip\": \"$context.identity.sourceIp\", \"caller\":\"$context.identity.caller\", \"user\":\"$context.identity.user\", \"requestTime\":\"$context.requestTime\", \"httpMethod\":\"$context.httpMethod\", \"resourcePath\":\"$context.resourcePath\", \"status\":\"$context.status\", \"protocol\":\"$context.protocol\", \"responseLength\":\"$context.responseLength\" }",
                "destinationArn": "arn:aws:logs:us-east-2:154948530138:log-group:APi-Gateway-ndk8t3b961-Prod-AccessLogs"
            },
            "tracingEnabled": true,
            "createdDate": "2020-10-27T20:50:43+02:00",
            "lastUpdatedDate": "2025-03-11T15:03:04+02:00"
        }
    ]
}