{
    "items": [
        {
            "id": "0ms0vd",
            "createdDate": "2019-08-04T11:42:58+03:00"
        },
        {
            "id": "189dby",
            "createdDate": "2019-03-27T09:45:15+02:00"
        },
        {
            "id": "79zqn7",
            "createdDate": "2019-04-02T09:25:04+03:00"
        },
        {
            "id": "pwidud",
            "createdDate": "2019-04-02T09:30:28+03:00"
        },
        {
            "id": "wfq77s",
            "createdDate": "2018-09-20T10:47:00+03:00"
        }
    ]
}