{
    "SecurityGroups": [
        {
            "GroupId": "sg-00a1abc08cd804a5d",
            "IpPermissionsEgress": [
                {
                    "IpProtocol": "-1",
                    "UserIdGroupPairs": [],
                    "IpRanges": [
                        {
                            "CidrIp": "0.0.0.0/0"
                        }
                    ],
                    "Ipv6Ranges": [],
                    "PrefixListIds": []
                }
            ],
            "VpcId": "vpc-d2a9d9bb",
            "SecurityGroupArn": "arn:aws:ec2:us-east-2:154948530138:security-group/sg-00a1abc08cd804a5d",
            "OwnerId": "154948530138",
            "GroupName": "launch-wizard-1",
            "Description": "launch-wizard-1 created 2022-09-14T06:06:59.867Z",
            "IpPermissions": [
                {
                    "IpProtocol": "tcp",
                    "FromPort": 80,
                    "ToPort": 80,
                    "UserIdGroupPairs": [],
                    "IpRanges": [
                        {
                            "CidrIp": "0.0.0.0/0"
                        }
                    ],
                    "Ipv6Ranges": [],
                    "PrefixListIds": []
                },
                {
                    "IpProtocol": "tcp",
                    "FromPort": 22,
                    "ToPort": 22,
                    "UserIdGroupPairs": [],
                    "IpRanges": [
                        {
                            "CidrIp": "0.0.0.0/0"
                        }
                    ],
                    "Ipv6Ranges": [],
                    "PrefixListIds": []
                },
                {
                    "IpProtocol": "tcp",
                    "FromPort": 1194,
                    "ToPort": 1194,
                    "UserIdGroupPairs": [],
                    "IpRanges": [
                        {
                            "CidrIp": "31.154.74.238/32"
                        }
                    ],
                    "Ipv6Ranges": [],
                    "PrefixListIds": []
                },
                {
                    "IpProtocol": "tcp",
                    "FromPort": 443,
                    "ToPort": 443,
                    "UserIdGroupPairs": [],
                    "IpRanges": [
                        {
                            "CidrIp": "0.0.0.0/0"
                        }
                    ],
                    "Ipv6Ranges": [],
                    "PrefixListIds": []
                }
            ]
        }
    ]
}