{
    "SecurityGroups": [
        {
            "GroupId": "sg-0c0a0065",
            "IpPermissionsEgress": [
                {
                    "IpProtocol": "-1",
                    "UserIdGroupPairs": [],
                    "IpRanges": [
                        {
                            "CidrIp": "0.0.0.0/0"
                        }
                    ],
                    "Ipv6Ranges": [],
                    "PrefixListIds": []
                }
            ],
            "VpcId": "vpc-d2a9d9bb",
            "SecurityGroupArn": "arn:aws:ec2:us-east-2:154948530138:security-group/sg-0c0a0065",
            "OwnerId": "154948530138",
            "GroupName": "default",
            "Description": "default VPC security group",
            "IpPermissions": [
                {
                    "IpProtocol": "tcp",
                    "FromPort": 5432,
                    "ToPort": 5432,
                    "UserIdGroupPairs": [],
                    "IpRanges": [
                        {
                            "CidrIp": "0.0.0.0/0"
                        }
                    ],
                    "Ipv6Ranges": [],
                    "PrefixListIds": []
                },
                {
                    "IpProtocol": "-1",
                    "UserIdGroupPairs": [
                        {
                            "UserId": "154948530138",
                            "GroupId": "sg-0c0a0065"
                        }
                    ],
                    "IpRanges": [],
                    "Ipv6Ranges": [],
                    "PrefixListIds": []
                },
                {
                    "IpProtocol": "icmp",
                    "FromPort": -1,
                    "ToPort": -1,
                    "UserIdGroupPairs": [],
                    "IpRanges": [
                        {
                            "CidrIp": "0.0.0.0/0"
                        }
                    ],
                    "Ipv6Ranges": [],
                    "PrefixListIds": []
                }
            ]
        }
    ]
}