{
    "Vpcs": [
        {
            "OwnerId": "154948530138",
            "InstanceTenancy": "default",
            "CidrBlockAssociationSet": [
                {
                    "AssociationId": "vpc-cidr-assoc-88eb7de1",
                    "CidrBlock": "172.31.0.0/16",
                    "CidrBlockState": {
                        "State": "associated"
                    }
                }
            ],
            "IsDefault": true,
            "BlockPublicAccessStates": {
                "InternetGatewayBlockMode": "off"
            },
            "VpcId": "vpc-d2a9d9bb",
            "State": "available",
            "CidrBlock": "172.31.0.0/16",
            "DhcpOptionsId": "dopt-5368113a"
        }
    ]
}