{
    "items": [
        {
            "id": "0tlx4p",
            "createdDate": "2018-02-12T10:21:51+02:00"
        },
        {
            "id": "3won1i",
            "createdDate": "2018-08-06T10:50:32+03:00"
        },
        {
            "id": "5xc4nu",
            "createdDate": "2018-08-08T11:21:41+03:00"
        },
        {
            "id": "6gmuf7",
            "createdDate": "2018-02-12T10:35:54+02:00"
        },
        {
            "id": "91y4vm",
            "createdDate": "2018-08-08T11:42:43+03:00"
        },
        {
            "id": "qvoz7m",
            "createdDate": "2018-08-06T11:53:48+03:00"
        }
    ]
}