{
    "items": [
        {
            "id": "0ls6p2",
            "createdDate": "2017-10-02T12:56:38+03:00"
        },
        {
            "id": "0xx3jd",
            "createdDate": "2018-02-26T12:03:11+02:00"
        },
        {
            "id": "2hgqvm",
            "createdDate": "2018-02-13T09:22:30+02:00"
        },
        {
            "id": "2l04hf",
            "description": "for production",
            "createdDate": "2017-09-10T11:03:37+03:00"
        },
        {
            "id": "3tdw5b",
            "createdDate": "2017-09-10T12:36:51+03:00"
        },
        {
            "id": "458jlr",
            "createdDate": "2018-02-13T11:12:00+02:00"
        },
        {
            "id": "d49ibv",
            "createdDate": "2018-02-13T11:13:19+02:00"
        },
        {
            "id": "dfwwjf",
            "createdDate": "2018-02-13T09:26:12+02:00"
        },
        {
            "id": "ecmup7",
            "createdDate": "2017-09-10T13:00:27+03:00"
        },
        {
            "id": "fk6dvr",
            "createdDate": "2018-02-26T12:04:02+02:00"
        },
        {
            "id": "gc65ks",
            "createdDate": "2018-02-15T10:18:48+02:00"
        },
        {
            "id": "gypghy",
            "createdDate": "2018-02-13T09:35:26+02:00"
        },
        {
            "id": "h79mul",
            "createdDate": "2017-10-02T12:33:30+03:00"
        },
        {
            "id": "ihr2aa",
            "createdDate": "2018-02-13T12:11:26+02:00"
        },
        {
            "id": "ky9j6g",
            "createdDate": "2018-02-13T09:08:45+02:00"
        },
        {
            "id": "lxburu",
            "createdDate": "2017-10-02T12:14:46+03:00"
        },
        {
            "id": "mjuokh",
            "createdDate": "2017-10-02T12:58:16+03:00"
        },
        {
            "id": "mjutrw",
            "createdDate": "2018-02-13T11:28:07+02:00"
        },
        {
            "id": "q6bo1u",
            "createdDate": "2017-10-02T13:03:20+03:00"
        },
        {
            "id": "va5g1l",
            "createdDate": "2018-02-13T09:33:26+02:00"
        },
        {
            "id": "vataie",
            "createdDate": "2017-09-11T09:18:24+03:00"
        },
        {
            "id": "wp89qg",
            "createdDate": "2018-02-13T11:55:15+02:00"
        },
        {
            "id": "wwgrky",
            "createdDate": "2017-10-03T09:54:27+03:00"
        },
        {
            "id": "xgs3z3",
            "createdDate": "2018-11-01T12:50:50+02:00"
        },
        {
            "id": "yga20e",
            "createdDate": "2017-10-03T09:58:59+03:00"
        }
    ]
}